graph_id,N,depth,seed,method,exp_value
N4_S0,4,1,0,sv,16.21583365080711
N4_S0,4,1,0,tr_expectation,16.215770721435547
N4_S0,4,1,0,tr_sampling,13.610799789428711
N4_S0,4,1,0,tr_correct_sampling,16.2274
N4_S0,4,2,0,sv,16.072219901831257
N4_S0,4,2,0,tr_expectation,16.072172164916992
N4_S0,4,2,0,tr_sampling,15.628299713134766
N4_S0,4,2,0,tr_correct_sampling,16.067600000000002
N4_S0,4,3,0,sv,22.057029759162265
N4_S0,4,3,0,tr_expectation,21.997106552124023
N4_S0,4,3,0,tr_sampling,17.09109878540039
N4_S0,4,3,0,tr_correct_sampling,21.9876
N4_S0,4,4,0,sv,21.07162999727373
N4_S0,4,4,0,tr_expectation,14.172538757324219
N4_S0,4,4,0,tr_sampling,17.224699020385742
N4_S0,4,4,0,tr_correct_sampling,19.713
N4_S0,4,5,0,sv,18.021804310755204
N4_S0,4,5,0,tr_expectation,6.592676162719727
N4_S0,4,5,0,tr_sampling,16.419099807739258
N4_S0,4,5,0,tr_correct_sampling,13.8643
N4_S0,4,6,0,sv,19.34883839536347
N4_S0,4,6,0,tr_expectation,3.740133762359619
N4_S0,4,6,0,tr_sampling,16.934499740600586
N4_S0,4,6,0,tr_correct_sampling,16.6416
N4_S0,4,7,0,sv,17.346168357250665
N4_S0,4,7,0,tr_expectation,2.2440993785858154
N4_S0,4,7,0,tr_sampling,17.643798828125
N4_S0,4,7,0,tr_correct_sampling,17.4506
N4_S0,4,8,0,sv,20.369600545654734
N4_S0,4,8,0,tr_expectation,2.076319456100464
N4_S0,4,8,0,tr_sampling,17.29199981689453
N4_S0,4,8,0,tr_correct_sampling,17.415
N4_S0,4,9,0,sv,17.547305258592477
N4_S0,4,9,0,tr_expectation,0.9645066857337952
N4_S0,4,9,0,tr_sampling,16.884899139404297
N4_S0,4,9,0,tr_correct_sampling,15.060300000000002
N4_S1,4,1,1,sv,21.829065644783704
N4_S1,4,1,1,tr_expectation,21.829025268554688
N4_S1,4,1,1,tr_sampling,21.9385986328125
N4_S1,4,1,1,tr_correct_sampling,21.7864
N4_S1,4,2,1,sv,15.839301076052799
N4_S1,4,2,1,tr_expectation,15.839345932006836
N4_S1,4,2,1,tr_sampling,18.219900131225586
N4_S1,4,2,1,tr_correct_sampling,15.9047
N4_S1,4,3,1,sv,17.342849093626732
N4_S1,4,3,1,tr_expectation,17.257322311401367
N4_S1,4,3,1,tr_sampling,17.82159996032715
N4_S1,4,3,1,tr_correct_sampling,17.209400000000002
N4_S1,4,4,1,sv,17.396924506076328
N4_S1,4,4,1,tr_expectation,16.545330047607422
N4_S1,4,4,1,tr_sampling,17.93389892578125
N4_S1,4,4,1,tr_correct_sampling,17.1274
N4_S1,4,5,1,sv,16.132787984014794
N4_S1,4,5,1,tr_expectation,12.456987380981445
N4_S1,4,5,1,tr_sampling,17.935699462890625
N4_S1,4,5,1,tr_correct_sampling,15.936800000000002
N4_S1,4,6,1,sv,18.32848545374284
N4_S1,4,6,1,tr_expectation,7.3290557861328125
N4_S1,4,6,1,tr_sampling,17.970600128173828
N4_S1,4,6,1,tr_correct_sampling,18.4301
N4_S1,4,7,1,sv,18.65862625463646
N4_S1,4,7,1,tr_expectation,3.900942087173462
N4_S1,4,7,1,tr_sampling,18.280698776245117
N4_S1,4,7,1,tr_correct_sampling,18.537100000000002
N4_S1,4,8,1,sv,16.67160733929046
N4_S1,4,8,1,tr_expectation,2.6232595443725586
N4_S1,4,8,1,tr_sampling,18.359100341796875
N4_S1,4,8,1,tr_correct_sampling,18.895300000000002
N4_S1,4,9,1,sv,15.827121200713838
N4_S1,4,9,1,tr_expectation,1.2064459323883057
N4_S1,4,9,1,tr_sampling,18.774398803710938
N4_S1,4,9,1,tr_correct_sampling,17.327
N4_S2,4,1,2,sv,31.266578003620115
N4_S2,4,1,2,tr_expectation,31.266551971435547
N4_S2,4,1,2,tr_sampling,25.829500198364258
N4_S2,4,1,2,tr_correct_sampling,31.282600000000002
N4_S2,4,2,2,sv,27.506888529353464
N4_S2,4,2,2,tr_expectation,27.506935119628906
N4_S2,4,2,2,tr_sampling,21.25749969482422
N4_S2,4,2,2,tr_correct_sampling,27.4601
N4_S2,4,3,2,sv,19.21498594230971
N4_S2,4,3,2,tr_expectation,19.2066593170166
N4_S2,4,3,2,tr_sampling,18.231300354003906
N4_S2,4,3,2,tr_correct_sampling,19.3271
N4_S2,4,4,2,sv,18.70371130598855
N4_S2,4,4,2,tr_expectation,13.079988479614258
N4_S2,4,4,2,tr_sampling,18.234298706054688
N4_S2,4,4,2,tr_correct_sampling,17.5276
N4_S2,4,5,2,sv,18.70669325655146
N4_S2,4,5,2,tr_expectation,11.727204322814941
N4_S2,4,5,2,tr_sampling,18.47760009765625
N4_S2,4,5,2,tr_correct_sampling,17.9018
N4_S2,4,6,2,sv,18.352720794214825
N4_S2,4,6,2,tr_expectation,5.009457588195801
N4_S2,4,6,2,tr_sampling,18.9419002532959
N4_S2,4,6,2,tr_correct_sampling,18.0567
N4_S2,4,7,2,sv,15.806478046095723
N4_S2,4,7,2,tr_expectation,5.297179222106934
N4_S2,4,7,2,tr_sampling,18.478300094604492
N4_S2,4,7,2,tr_correct_sampling,21.057100000000002
N4_S2,4,8,2,sv,20.18847713772958
N4_S2,4,8,2,tr_expectation,2.137664556503296
N4_S2,4,8,2,tr_sampling,18.349899291992188
N4_S2,4,8,2,tr_correct_sampling,16.2129
N4_S2,4,9,2,sv,24.50175623906011
N4_S2,4,9,2,tr_expectation,1.2954342365264893
N4_S2,4,9,2,tr_sampling,17.784700393676758
N4_S2,4,9,2,tr_correct_sampling,17.2667
N4_S3,4,1,3,sv,9.179614622710337
N4_S3,4,1,3,tr_expectation,9.179617881774902
N4_S3,4,1,3,tr_sampling,7.568399906158447
N4_S3,4,1,3,tr_correct_sampling,9.1753
N4_S3,4,2,3,sv,12.074343555722285
N4_S3,4,2,3,tr_expectation,12.07447338104248
N4_S3,4,2,3,tr_sampling,11.392600059509277
N4_S3,4,2,3,tr_correct_sampling,12.0128
N4_S3,4,3,3,sv,12.119640470789534
N4_S3,4,3,3,tr_expectation,12.130142211914062
N4_S3,4,3,3,tr_sampling,10.574299812316895
N4_S3,4,3,3,tr_correct_sampling,12.0378
N4_S3,4,4,3,sv,9.437275213992146
N4_S3,4,4,3,tr_expectation,5.657565116882324
N4_S3,4,4,3,tr_sampling,10.07859992980957
N4_S3,4,4,3,tr_correct_sampling,7.7801
N4_S3,4,5,3,sv,10.559082928160414
N4_S3,4,5,3,tr_expectation,4.6321821212768555
N4_S3,4,5,3,tr_sampling,10.47819995880127
N4_S3,4,5,3,tr_correct_sampling,10.810500000000001
N4_S3,4,6,3,sv,10.009337555804041
N4_S3,4,6,3,tr_expectation,2.1267192363739014
N4_S3,4,6,3,tr_sampling,10.467399597167969
N4_S3,4,6,3,tr_correct_sampling,10.5474
N4_S3,4,7,3,sv,11.17697547990536
N4_S3,4,7,3,tr_expectation,1.6141222715377808
N4_S3,4,7,3,tr_sampling,10.450399398803711
N4_S3,4,7,3,tr_correct_sampling,9.368500000000001
N4_S3,4,8,3,sv,11.320286097023864
N4_S3,4,8,3,tr_expectation,1.0361143350601196
N4_S3,4,8,3,tr_sampling,10.235799789428711
N4_S3,4,8,3,tr_correct_sampling,12.0618
N4_S3,4,9,3,sv,10.289340886517307
N4_S3,4,9,3,tr_expectation,0.8147020936012268
N4_S3,4,9,3,tr_sampling,10.542399406433105
N4_S3,4,9,3,tr_correct_sampling,10.559800000000001
N4_S4,4,1,4,sv,16.60517617486131
N4_S4,4,1,4,tr_expectation,16.60512924194336
N4_S4,4,1,4,tr_sampling,15.71929931640625
N4_S4,4,1,4,tr_correct_sampling,16.6613
N4_S4,4,2,4,sv,18.619161339079238
N4_S4,4,2,4,tr_expectation,18.619216918945312
N4_S4,4,2,4,tr_sampling,19.203100204467773
N4_S4,4,2,4,tr_correct_sampling,18.663600000000002
N4_S4,4,3,4,sv,22.510331604437894
N4_S4,4,3,4,tr_expectation,22.539308547973633
N4_S4,4,3,4,tr_sampling,18.67879867553711
N4_S4,4,3,4,tr_correct_sampling,22.4155
N4_S4,4,4,4,sv,19.801582788748643
N4_S4,4,4,4,tr_expectation,18.909502029418945
N4_S4,4,4,4,tr_sampling,18.76369857788086
N4_S4,4,4,4,tr_correct_sampling,19.1198
N4_S4,4,5,4,sv,24.681824801983254
N4_S4,4,5,4,tr_expectation,12.489178657531738
N4_S4,4,5,4,tr_sampling,18.80340003967285
N4_S4,4,5,4,tr_correct_sampling,17.4271
N4_S4,4,6,4,sv,18.11535952690348
N4_S4,4,6,4,tr_expectation,5.118748664855957
N4_S4,4,6,4,tr_sampling,18.80579948425293
N4_S4,4,6,4,tr_correct_sampling,16.0393
N4_S4,4,7,4,sv,18.4896854069525
N4_S4,4,7,4,tr_expectation,3.4473884105682373
N4_S4,4,7,4,tr_sampling,19.13909912109375
N4_S4,4,7,4,tr_correct_sampling,19.314
N4_S4,4,8,4,sv,21.072864285185247
N4_S4,4,8,4,tr_expectation,1.6143200397491455
N4_S4,4,8,4,tr_sampling,18.98390007019043
N4_S4,4,8,4,tr_correct_sampling,18.4222
N4_S4,4,9,4,sv,20.648242497622366
N4_S4,4,9,4,tr_expectation,1.1409941911697388
N4_S4,4,9,4,tr_sampling,18.00149917602539
N4_S4,4,9,4,tr_correct_sampling,17.8853
N4_S5,4,1,5,sv,13.779555554522961
N4_S5,4,1,5,tr_expectation,13.77956771850586
N4_S5,4,1,5,tr_sampling,14.601499557495117
N4_S5,4,1,5,tr_correct_sampling,13.8107
N4_S5,4,2,5,sv,13.51358269613211
N4_S5,4,2,5,tr_expectation,13.513734817504883
N4_S5,4,2,5,tr_sampling,15.24370002746582
N4_S5,4,2,5,tr_correct_sampling,13.4551
N4_S5,4,3,5,sv,13.90804719959999
N4_S5,4,3,5,tr_expectation,14.016327857971191
N4_S5,4,3,5,tr_sampling,16.60719871520996
N4_S5,4,3,5,tr_correct_sampling,13.966000000000001
N4_S5,4,4,5,sv,12.458208727785994
N4_S5,4,4,5,tr_expectation,12.569015502929688
N4_S5,4,4,5,tr_sampling,17.245399475097656
N4_S5,4,4,5,tr_correct_sampling,14.7727
N4_S5,4,5,5,sv,18.03713528381999
N4_S5,4,5,5,tr_expectation,9.707388877868652
N4_S5,4,5,5,tr_sampling,16.30270004272461
N4_S5,4,5,5,tr_correct_sampling,18.5191
N4_S5,4,6,5,sv,17.110916120032385
N4_S5,4,6,5,tr_expectation,4.7079362869262695
N4_S5,4,6,5,tr_sampling,16.472700119018555
N4_S5,4,6,5,tr_correct_sampling,13.836400000000001
N4_S5,4,7,5,sv,13.815018604144035
N4_S5,4,7,5,tr_expectation,4.083946704864502
N4_S5,4,7,5,tr_sampling,16.034299850463867
N4_S5,4,7,5,tr_correct_sampling,17.1634
N4_S5,4,8,5,sv,21.03371357669026
N4_S5,4,8,5,tr_expectation,2.0879404544830322
N4_S5,4,8,5,tr_sampling,16.270700454711914
N4_S5,4,8,5,tr_correct_sampling,16.614
N4_S5,4,9,5,sv,18.394978570298623
N4_S5,4,9,5,tr_expectation,1.346776008605957
N4_S5,4,9,5,tr_sampling,17.024900436401367
N4_S5,4,9,5,tr_correct_sampling,15.038
N4_S6,4,1,6,sv,10.943446157262995
N4_S6,4,1,6,tr_expectation,10.94345760345459
N4_S6,4,1,6,tr_sampling,11.243599891662598
N4_S6,4,1,6,tr_correct_sampling,10.9448
N4_S6,4,2,6,sv,11.152543167976358
N4_S6,4,2,6,tr_expectation,11.152595520019531
N4_S6,4,2,6,tr_sampling,14.696399688720703
N4_S6,4,2,6,tr_correct_sampling,11.1426
N4_S6,4,3,6,sv,14.792782639726882
N4_S6,4,3,6,tr_expectation,14.793106079101562
N4_S6,4,3,6,tr_sampling,14.042999267578125
N4_S6,4,3,6,tr_correct_sampling,14.746500000000001
N4_S6,4,4,6,sv,11.481531991830465
N4_S6,4,4,6,tr_expectation,12.113655090332031
N4_S6,4,4,6,tr_sampling,14.047699928283691
N4_S6,4,4,6,tr_correct_sampling,12.0609
N4_S6,4,5,6,sv,12.473519652035092
N4_S6,4,5,6,tr_expectation,8.876818656921387
N4_S6,4,5,6,tr_sampling,13.841099739074707
N4_S6,4,5,6,tr_correct_sampling,12.6556
N4_S6,4,6,6,sv,14.745510028968987
N4_S6,4,6,6,tr_expectation,5.783681392669678
N4_S6,4,6,6,tr_sampling,14.072699546813965
N4_S6,4,6,6,tr_correct_sampling,14.337100000000001
N4_S6,4,7,6,sv,11.835089227059683
N4_S6,4,7,6,tr_expectation,3.590179443359375
N4_S6,4,7,6,tr_sampling,14.093799591064453
N4_S6,4,7,6,tr_correct_sampling,11.717600000000001
N4_S6,4,8,6,sv,14.758172853513653
N4_S6,4,8,6,tr_expectation,2.272930145263672
N4_S6,4,8,6,tr_sampling,14.110599517822266
N4_S6,4,8,6,tr_correct_sampling,14.497800000000002
N4_S6,4,9,6,sv,13.783632015073367
N4_S6,4,9,6,tr_expectation,1.1011805534362793
N4_S6,4,9,6,tr_sampling,13.959399223327637
N4_S6,4,9,6,tr_correct_sampling,12.5744
N4_S7,4,1,7,sv,28.005416332886252
N4_S7,4,1,7,tr_expectation,28.005380630493164
N4_S7,4,1,7,tr_sampling,24.93869972229004
N4_S7,4,1,7,tr_correct_sampling,27.9322
N4_S7,4,2,7,sv,18.77691990122621
N4_S7,4,2,7,tr_expectation,18.77687644958496
N4_S7,4,2,7,tr_sampling,17.248600006103516
N4_S7,4,2,7,tr_correct_sampling,18.651600000000002
N4_S7,4,3,7,sv,16.333500207453447
N4_S7,4,3,7,tr_expectation,16.3944091796875
N4_S7,4,3,7,tr_sampling,18.200899124145508
N4_S7,4,3,7,tr_correct_sampling,16.342000000000002
N4_S7,4,4,7,sv,19.21604361890833
N4_S7,4,4,7,tr_expectation,13.95536994934082
N4_S7,4,4,7,tr_sampling,18.63920021057129
N4_S7,4,4,7,tr_correct_sampling,17.099500000000003
N4_S7,4,5,7,sv,17.36948574165912
N4_S7,4,5,7,tr_expectation,11.081974983215332
N4_S7,4,5,7,tr_sampling,17.698699951171875
N4_S7,4,5,7,tr_correct_sampling,16.2695
N4_S7,4,6,7,sv,14.643782845111337
N4_S7,4,6,7,tr_expectation,4.63323450088501
N4_S7,4,6,7,tr_sampling,18.396900177001953
N4_S7,4,6,7,tr_correct_sampling,18.5237
N4_S7,4,7,7,sv,16.90707921759226
N4_S7,4,7,7,tr_expectation,3.992647886276245
N4_S7,4,7,7,tr_sampling,18.59709930419922
N4_S7,4,7,7,tr_correct_sampling,20.055
N4_S7,4,8,7,sv,18.194524071480544
N4_S7,4,8,7,tr_expectation,2.068544864654541
N4_S7,4,8,7,tr_sampling,18.786800384521484
N4_S7,4,8,7,tr_correct_sampling,21.6721
N4_S7,4,9,7,sv,17.641632996488703
N4_S7,4,9,7,tr_expectation,1.1185060739517212
N4_S7,4,9,7,tr_sampling,18.427900314331055
N4_S7,4,9,7,tr_correct_sampling,18.8906
N4_S8,4,1,8,sv,13.371543891642064
N4_S8,4,1,8,tr_expectation,13.37151050567627
N4_S8,4,1,8,tr_sampling,10.383099555969238
N4_S8,4,1,8,tr_correct_sampling,13.3796
N4_S8,4,2,8,sv,11.379046929730624
N4_S8,4,2,8,tr_expectation,11.379091262817383
N4_S8,4,2,8,tr_sampling,11.334699630737305
N4_S8,4,2,8,tr_correct_sampling,11.3702
N4_S8,4,3,8,sv,12.329006204479777
N4_S8,4,3,8,tr_expectation,12.329318046569824
N4_S8,4,3,8,tr_sampling,11.373799324035645
N4_S8,4,3,8,tr_correct_sampling,12.3347
N4_S8,4,4,8,sv,11.548965199875509
N4_S8,4,4,8,tr_expectation,7.6941986083984375
N4_S8,4,4,8,tr_sampling,11.740599632263184
N4_S8,4,4,8,tr_correct_sampling,10.991100000000001
N4_S8,4,5,8,sv,11.39973639283659
N4_S8,4,5,8,tr_expectation,5.338934421539307
N4_S8,4,5,8,tr_sampling,11.631599426269531
N4_S8,4,5,8,tr_correct_sampling,12.613900000000001
N4_S8,4,6,8,sv,11.596992248558752
N4_S8,4,6,8,tr_expectation,2.1503071784973145
N4_S8,4,6,8,tr_sampling,11.711899757385254
N4_S8,4,6,8,tr_correct_sampling,11.5953
N4_S8,4,7,8,sv,17.07117351648179
N4_S8,4,7,8,tr_expectation,1.229780912399292
N4_S8,4,7,8,tr_sampling,11.203399658203125
N4_S8,4,7,8,tr_correct_sampling,11.4328
N4_S8,4,8,8,sv,10.524002433419481
N4_S8,4,8,8,tr_expectation,0.4735548794269562
N4_S8,4,8,8,tr_sampling,11.314599990844727
N4_S8,4,8,8,tr_correct_sampling,11.8606
N4_S8,4,9,8,sv,11.741746893205804
N4_S8,4,9,8,tr_expectation,0.2531096935272217
N4_S8,4,9,8,tr_sampling,11.533199310302734
N4_S8,4,9,8,tr_correct_sampling,10.9008
N4_S9,4,1,9,sv,20.01589543881519
N4_S9,4,1,9,tr_expectation,20.015846252441406
N4_S9,4,1,9,tr_sampling,18.15130043029785
N4_S9,4,1,9,tr_correct_sampling,20.032700000000002
N4_S9,4,2,9,sv,15.40758161865115
N4_S9,4,2,9,tr_expectation,15.407668113708496
N4_S9,4,2,9,tr_sampling,16.640399932861328
N4_S9,4,2,9,tr_correct_sampling,15.378300000000001
N4_S9,4,3,9,sv,12.561515742649437
N4_S9,4,3,9,tr_expectation,12.553893089294434
N4_S9,4,3,9,tr_sampling,16.361299514770508
N4_S9,4,3,9,tr_correct_sampling,12.5891
N4_S9,4,4,9,sv,15.858063831918177
N4_S9,4,4,9,tr_expectation,12.18331527709961
N4_S9,4,4,9,tr_sampling,16.171199798583984
N4_S9,4,4,9,tr_correct_sampling,14.0534
N4_S9,4,5,9,sv,14.388735973206563
N4_S9,4,5,9,tr_expectation,6.277092933654785
N4_S9,4,5,9,tr_sampling,16.27050018310547
N4_S9,4,5,9,tr_correct_sampling,17.6704
N4_S9,4,6,9,sv,19.45099545247708
N4_S9,4,6,9,tr_expectation,2.664491891860962
N4_S9,4,6,9,tr_sampling,16.451398849487305
N4_S9,4,6,9,tr_correct_sampling,14.8887
N4_S9,4,7,9,sv,15.759030374304865
N4_S9,4,7,9,tr_expectation,2.538766384124756
N4_S9,4,7,9,tr_sampling,16.3533992767334
N4_S9,4,7,9,tr_correct_sampling,16.172800000000002
N4_S9,4,8,9,sv,15.807390932001578
N4_S9,4,8,9,tr_expectation,1.3738415241241455
N4_S9,4,8,9,tr_sampling,16.724300384521484
N4_S9,4,8,9,tr_correct_sampling,15.939200000000001
N4_S9,4,9,9,sv,15.318057720153305
N4_S9,4,9,9,tr_expectation,0.7230336666107178
N4_S9,4,9,9,tr_sampling,15.544699668884277
N4_S9,4,9,9,tr_correct_sampling,14.988700000000001
N8_S0,8,1,0,sv,25.832612670473086
N8_S0,8,1,0,tr_expectation,25.832504272460938
N8_S0,8,1,0,tr_sampling,24.656099319458008
N8_S0,8,1,0,tr_correct_sampling,25.791500000000003
N8_S0,8,2,0,sv,23.66651386060526
N8_S0,8,2,0,tr_expectation,23.666439056396484
N8_S0,8,2,0,tr_sampling,24.080799102783203
N8_S0,8,2,0,tr_correct_sampling,23.732300000000002
N8_S0,8,3,0,sv,27.054568234395585
N8_S0,8,3,0,tr_expectation,27.0548095703125
N8_S0,8,3,0,tr_sampling,27.240798950195312
N8_S0,8,3,0,tr_correct_sampling,27.0701
N8_S0,8,4,0,sv,27.575619775229523
N8_S0,8,4,0,tr_expectation,20.953655242919922
N8_S0,8,4,0,tr_sampling,27.075199127197266
N8_S0,8,4,0,tr_correct_sampling,27.364
N8_S0,8,5,0,sv,26.23252401120296
N8_S0,8,5,0,tr_expectation,8.302960395812988
N8_S0,8,5,0,tr_sampling,26.764699935913086
N8_S0,8,5,0,tr_correct_sampling,27.4764
N8_S0,8,6,0,sv,26.480637896289856
N8_S0,8,6,0,tr_expectation,2.57602596282959
N8_S0,8,6,0,tr_sampling,27.35540008544922
N8_S0,8,6,0,tr_correct_sampling,27.668400000000002
N8_S0,8,7,0,sv,28.13243577801758
N8_S0,8,7,0,tr_expectation,0.6882305145263672
N8_S0,8,7,0,tr_sampling,27.24799919128418
N8_S0,8,7,0,tr_correct_sampling,26.858600000000003
N8_S0,8,8,0,sv,26.749237010526603
N8_S0,8,8,0,tr_expectation,0.21976156532764435
N8_S0,8,8,0,tr_sampling,27.452699661254883
N8_S0,8,8,0,tr_correct_sampling,27.2791
N8_S0,8,9,0,sv,27.862143385587384
N8_S0,8,9,0,tr_expectation,0.06136418506503105
N8_S0,8,9,0,tr_sampling,26.954999923706055
N8_S0,8,9,0,tr_correct_sampling,28.084100000000003
N8_S1,8,1,1,sv,38.27280248140181
N8_S1,8,1,1,tr_expectation,38.27291488647461
N8_S1,8,1,1,tr_sampling,38.249000549316406
N8_S1,8,1,1,tr_correct_sampling,38.1484
N8_S1,8,2,1,sv,37.91529386366428
N8_S1,8,2,1,tr_expectation,37.91547775268555
N8_S1,8,2,1,tr_sampling,38.21820068359375
N8_S1,8,2,1,tr_correct_sampling,37.7426
N8_S1,8,3,1,sv,42.049084027720596
N8_S1,8,3,1,tr_expectation,42.05004119873047
N8_S1,8,3,1,tr_sampling,42.32579803466797
N8_S1,8,3,1,tr_correct_sampling,41.9542
N8_S1,8,4,1,sv,39.02500005214651
N8_S1,8,4,1,tr_expectation,32.53370666503906
N8_S1,8,4,1,tr_sampling,39.09000015258789
N8_S1,8,4,1,tr_correct_sampling,39.2426
N8_S1,8,5,1,sv,38.59334893090584
N8_S1,8,5,1,tr_expectation,17.596691131591797
N8_S1,8,5,1,tr_sampling,38.696598052978516
N8_S1,8,5,1,tr_correct_sampling,38.1062
N8_S1,8,6,1,sv,37.8359903979718
N8_S1,8,6,1,tr_expectation,7.3831787109375
N8_S1,8,6,1,tr_sampling,38.40599822998047
N8_S1,8,6,1,tr_correct_sampling,38.461200000000005
N8_S1,8,7,1,sv,39.10575493621053
N8_S1,8,7,1,tr_expectation,2.0442447662353516
N8_S1,8,7,1,tr_sampling,38.569000244140625
N8_S1,8,7,1,tr_correct_sampling,37.656
N8_S1,8,8,1,sv,38.30349263103246
N8_S1,8,8,1,tr_expectation,0.6680312156677246
N8_S1,8,8,1,tr_sampling,38.829200744628906
N8_S1,8,8,1,tr_correct_sampling,38.4782
N8_S1,8,9,1,sv,38.110703182119
N8_S1,8,9,1,tr_expectation,0.16108353435993195
N8_S1,8,9,1,tr_sampling,38.4552001953125
N8_S1,8,9,1,tr_correct_sampling,38.4274
N8_S2,8,1,2,sv,41.37532485885686
N8_S2,8,1,2,tr_expectation,41.37514114379883
N8_S2,8,1,2,tr_sampling,38.888099670410156
N8_S2,8,1,2,tr_correct_sampling,41.2429
N8_S2,8,2,2,sv,37.19764980552801
N8_S2,8,2,2,tr_expectation,37.1977424621582
N8_S2,8,2,2,tr_sampling,37.06089782714844
N8_S2,8,2,2,tr_correct_sampling,37.1141
N8_S2,8,3,2,sv,37.00163159031942
N8_S2,8,3,2,tr_expectation,36.878517150878906
N8_S2,8,3,2,tr_sampling,36.52289962768555
N8_S2,8,3,2,tr_correct_sampling,36.744800000000005
N8_S2,8,4,2,sv,36.19530445080161
N8_S2,8,4,2,tr_expectation,27.27094268798828
N8_S2,8,4,2,tr_sampling,36.98719787597656
N8_S2,8,4,2,tr_correct_sampling,36.3596
N8_S2,8,5,2,sv,37.72628825733975
N8_S2,8,5,2,tr_expectation,17.83131217956543
N8_S2,8,5,2,tr_sampling,38.40129852294922
N8_S2,8,5,2,tr_correct_sampling,38.767
N8_S2,8,6,2,sv,37.504073041772315
N8_S2,8,6,2,tr_expectation,5.735093116760254
N8_S2,8,6,2,tr_sampling,37.04610061645508
N8_S2,8,6,2,tr_correct_sampling,37.1173
N8_S2,8,7,2,sv,37.3108786260599
N8_S2,8,7,2,tr_expectation,1.9642685651779175
N8_S2,8,7,2,tr_sampling,36.2588996887207
N8_S2,8,7,2,tr_correct_sampling,35.7687
N8_S2,8,8,2,sv,35.81867546076978
N8_S2,8,8,2,tr_expectation,0.504034161567688
N8_S2,8,8,2,tr_sampling,36.34299850463867
N8_S2,8,8,2,tr_correct_sampling,35.9426
N8_S2,8,9,2,sv,36.31931022394014
N8_S2,8,9,2,tr_expectation,0.16793304681777954
N8_S2,8,9,2,tr_sampling,36.43109893798828
N8_S2,8,9,2,tr_correct_sampling,35.9339
N8_S3,8,1,3,sv,31.20543763043284
N8_S3,8,1,3,tr_expectation,31.20537757873535
N8_S3,8,1,3,tr_sampling,32.16780090332031
N8_S3,8,1,3,tr_correct_sampling,31.2391
N8_S3,8,2,3,sv,35.92472656036955
N8_S3,8,2,3,tr_expectation,35.92505645751953
N8_S3,8,2,3,tr_sampling,36.70940017700195
N8_S3,8,2,3,tr_correct_sampling,35.884
N8_S3,8,3,3,sv,35.176857473137595
N8_S3,8,3,3,tr_expectation,35.17877960205078
N8_S3,8,3,3,tr_sampling,34.313697814941406
N8_S3,8,3,3,tr_correct_sampling,35.196000000000005
N8_S3,8,4,3,sv,36.096007890245836
N8_S3,8,4,3,tr_expectation,26.187089920043945
N8_S3,8,4,3,tr_sampling,34.7870979309082
N8_S3,8,4,3,tr_correct_sampling,36.045
N8_S3,8,5,3,sv,34.617010982952344
N8_S3,8,5,3,tr_expectation,10.432340621948242
N8_S3,8,5,3,tr_sampling,35.67390060424805
N8_S3,8,5,3,tr_correct_sampling,35.528600000000004
N8_S3,8,6,3,sv,36.06449651564701
N8_S3,8,6,3,tr_expectation,3.1324620246887207
N8_S3,8,6,3,tr_sampling,35.43000030517578
N8_S3,8,6,3,tr_correct_sampling,35.8836
N8_S3,8,7,3,sv,35.965714029741626
N8_S3,8,7,3,tr_expectation,0.8246792554855347
N8_S3,8,7,3,tr_sampling,35.4901008605957
N8_S3,8,7,3,tr_correct_sampling,35.385000000000005
N8_S3,8,8,3,sv,34.83981213581021
N8_S3,8,8,3,tr_expectation,0.2518783509731293
N8_S3,8,8,3,tr_sampling,35.35350036621094
N8_S3,8,8,3,tr_correct_sampling,34.7215
N8_S3,8,9,3,sv,35.76515217746687
N8_S3,8,9,3,tr_expectation,0.07419271767139435
N8_S3,8,9,3,tr_sampling,35.106597900390625
N8_S3,8,9,3,tr_correct_sampling,35.1256
N8_S4,8,1,4,sv,31.762095495898368
N8_S4,8,1,4,tr_expectation,31.761960983276367
N8_S4,8,1,4,tr_sampling,26.072799682617188
N8_S4,8,1,4,tr_correct_sampling,31.8217
N8_S4,8,2,4,sv,34.324194774698
N8_S4,8,2,4,tr_expectation,34.324127197265625
N8_S4,8,2,4,tr_sampling,34.13560104370117
N8_S4,8,2,4,tr_correct_sampling,34.2877
N8_S4,8,3,4,sv,33.54930129236908
N8_S4,8,3,4,tr_expectation,33.5494384765625
N8_S4,8,3,4,tr_sampling,33.85429763793945
N8_S4,8,3,4,tr_correct_sampling,33.5187
N8_S4,8,4,4,sv,33.2804848706362
N8_S4,8,4,4,tr_expectation,27.772859573364258
N8_S4,8,4,4,tr_sampling,34.201499938964844
N8_S4,8,4,4,tr_correct_sampling,34.034400000000005
N8_S4,8,5,4,sv,33.58471048677986
N8_S4,8,5,4,tr_expectation,15.25252914428711
N8_S4,8,5,4,tr_sampling,34.55109786987305
N8_S4,8,5,4,tr_correct_sampling,34.124300000000005
N8_S4,8,6,4,sv,33.99035990979307
N8_S4,8,6,4,tr_expectation,5.154934406280518
N8_S4,8,6,4,tr_sampling,33.86669921875
N8_S4,8,6,4,tr_correct_sampling,33.4613
N8_S4,8,7,4,sv,32.86063865900802
N8_S4,8,7,4,tr_expectation,1.3744573593139648
N8_S4,8,7,4,tr_sampling,34.06089782714844
N8_S4,8,7,4,tr_correct_sampling,34.626000000000005
N8_S4,8,8,4,sv,34.08528321186436
N8_S4,8,8,4,tr_expectation,0.4612921178340912
N8_S4,8,8,4,tr_sampling,33.75729751586914
N8_S4,8,8,4,tr_correct_sampling,34.2387
N8_S4,8,9,4,sv,34.24552791272596
N8_S4,8,9,4,tr_expectation,0.1194557249546051
N8_S4,8,9,4,tr_sampling,33.87779998779297
N8_S4,8,9,4,tr_correct_sampling,33.6942
N8_S5,8,1,5,sv,32.8986462248764
N8_S5,8,1,5,tr_expectation,32.898704528808594
N8_S5,8,1,5,tr_sampling,32.92749786376953
N8_S5,8,1,5,tr_correct_sampling,33.071200000000005
N8_S5,8,2,5,sv,40.099398354567825
N8_S5,8,2,5,tr_expectation,40.10016632080078
N8_S5,8,2,5,tr_sampling,39.13959884643555
N8_S5,8,2,5,tr_correct_sampling,40.1071
N8_S5,8,3,5,sv,38.598527860988064
N8_S5,8,3,5,tr_expectation,38.53132247924805
N8_S5,8,3,5,tr_sampling,38.39809799194336
N8_S5,8,3,5,tr_correct_sampling,38.8067
N8_S5,8,4,5,sv,39.57311415415947
N8_S5,8,4,5,tr_expectation,32.543582916259766
N8_S5,8,4,5,tr_sampling,39.73759841918945
N8_S5,8,4,5,tr_correct_sampling,39.658300000000004
N8_S5,8,5,5,sv,39.49371319394961
N8_S5,8,5,5,tr_expectation,16.335769653320312
N8_S5,8,5,5,tr_sampling,39.03179931640625
N8_S5,8,5,5,tr_correct_sampling,39.120400000000004
N8_S5,8,6,5,sv,38.92574819907041
N8_S5,8,6,5,tr_expectation,6.992763519287109
N8_S5,8,6,5,tr_sampling,40.2510986328125
N8_S5,8,6,5,tr_correct_sampling,40.7869
N8_S5,8,7,5,sv,39.92270396383325
N8_S5,8,7,5,tr_expectation,2.000107765197754
N8_S5,8,7,5,tr_sampling,38.29119873046875
N8_S5,8,7,5,tr_correct_sampling,38.7847
N8_S5,8,8,5,sv,39.39185273653488
N8_S5,8,8,5,tr_expectation,0.5456146597862244
N8_S5,8,8,5,tr_sampling,40.5463981628418
N8_S5,8,8,5,tr_correct_sampling,39.304700000000004
N8_S5,8,9,5,sv,38.28325234788838
N8_S5,8,9,5,tr_expectation,0.1733366698026657
N8_S5,8,9,5,tr_sampling,39.02579879760742
N8_S5,8,9,5,tr_correct_sampling,39.336200000000005
N8_S6,8,1,6,sv,34.649316937505844
N8_S6,8,1,6,tr_expectation,34.649330139160156
N8_S6,8,1,6,tr_sampling,34.781497955322266
N8_S6,8,1,6,tr_correct_sampling,34.6236
N8_S6,8,2,6,sv,30.47446391759096
N8_S6,8,2,6,tr_expectation,30.47441864013672
N8_S6,8,2,6,tr_sampling,30.790298461914062
N8_S6,8,2,6,tr_correct_sampling,30.443800000000003
N8_S6,8,3,6,sv,28.785116232030937
N8_S6,8,3,6,tr_expectation,28.59786033630371
N8_S6,8,3,6,tr_sampling,29.255599975585938
N8_S6,8,3,6,tr_correct_sampling,28.7569
N8_S6,8,4,6,sv,30.35855786312056
N8_S6,8,4,6,tr_expectation,28.86111831665039
N8_S6,8,4,6,tr_sampling,30.22760009765625
N8_S6,8,4,6,tr_correct_sampling,30.421300000000002
N8_S6,8,5,6,sv,31.57418946830455
N8_S6,8,5,6,tr_expectation,19.971817016601562
N8_S6,8,5,6,tr_sampling,31.108699798583984
N8_S6,8,5,6,tr_correct_sampling,31.700400000000002
N8_S6,8,6,6,sv,30.21793599497424
N8_S6,8,6,6,tr_expectation,10.726627349853516
N8_S6,8,6,6,tr_sampling,30.146299362182617
N8_S6,8,6,6,tr_correct_sampling,28.895300000000002
N8_S6,8,7,6,sv,30.07109452632657
N8_S6,8,7,6,tr_expectation,5.032267093658447
N8_S6,8,7,6,tr_sampling,30.09619903564453
N8_S6,8,7,6,tr_correct_sampling,30.2405
N8_S6,8,8,6,sv,30.161446263297837
N8_S6,8,8,6,tr_expectation,1.6894336938858032
N8_S6,8,8,6,tr_sampling,30.918498992919922
N8_S6,8,8,6,tr_correct_sampling,30.714100000000002
N8_S6,8,9,6,sv,29.939462237021107
N8_S6,8,9,6,tr_expectation,0.48850899934768677
N8_S6,8,9,6,tr_sampling,29.981698989868164
N8_S6,8,9,6,tr_correct_sampling,30.4431
N8_S7,8,1,7,sv,28.118206007092745
N8_S7,8,1,7,tr_expectation,28.118083953857422
N8_S7,8,1,7,tr_sampling,28.273799896240234
N8_S7,8,1,7,tr_correct_sampling,28.1917
N8_S7,8,2,7,sv,25.26970988561179
N8_S7,8,2,7,tr_expectation,25.269681930541992
N8_S7,8,2,7,tr_sampling,25.931699752807617
N8_S7,8,2,7,tr_correct_sampling,25.2715
N8_S7,8,3,7,sv,29.625979075175135
N8_S7,8,3,7,tr_expectation,29.626401901245117
N8_S7,8,3,7,tr_sampling,29.5497989654541
N8_S7,8,3,7,tr_correct_sampling,29.6446
N8_S7,8,4,7,sv,31.24855045904313
N8_S7,8,4,7,tr_expectation,28.05217170715332
N8_S7,8,4,7,tr_sampling,31.37099838256836
N8_S7,8,4,7,tr_correct_sampling,31.4631
N8_S7,8,5,7,sv,30.696190485751387
N8_S7,8,5,7,tr_expectation,14.061241149902344
N8_S7,8,5,7,tr_sampling,30.148300170898438
N8_S7,8,5,7,tr_correct_sampling,30.7788
N8_S7,8,6,7,sv,29.171024025569512
N8_S7,8,6,7,tr_expectation,4.020773410797119
N8_S7,8,6,7,tr_sampling,29.39849853515625
N8_S7,8,6,7,tr_correct_sampling,30.2939
N8_S7,8,7,7,sv,29.586978024936244
N8_S7,8,7,7,tr_expectation,1.101653814315796
N8_S7,8,7,7,tr_sampling,30.787899017333984
N8_S7,8,7,7,tr_correct_sampling,31.1752
N8_S7,8,8,7,sv,31.44827590446206
N8_S7,8,8,7,tr_expectation,0.33245134353637695
N8_S7,8,8,7,tr_sampling,29.521900177001953
N8_S7,8,8,7,tr_correct_sampling,29.6563
N8_S7,8,9,7,sv,30.892518846368155
N8_S7,8,9,7,tr_expectation,0.08251100778579712
N8_S7,8,9,7,tr_sampling,31.15009880065918
N8_S7,8,9,7,tr_correct_sampling,31.444200000000002
N8_S8,8,1,8,sv,37.25630421122002
N8_S8,8,1,8,tr_expectation,37.25632858276367
N8_S8,8,1,8,tr_sampling,35.18339920043945
N8_S8,8,1,8,tr_correct_sampling,37.238800000000005
N8_S8,8,2,8,sv,37.828211832021935
N8_S8,8,2,8,tr_expectation,37.82882308959961
N8_S8,8,2,8,tr_sampling,35.58319854736328
N8_S8,8,2,8,tr_correct_sampling,37.8633
N8_S8,8,3,8,sv,33.11392829383679
N8_S8,8,3,8,tr_expectation,33.27547073364258
N8_S8,8,3,8,tr_sampling,33.2234992980957
N8_S8,8,3,8,tr_correct_sampling,33.170500000000004
N8_S8,8,4,8,sv,33.968657277980675
N8_S8,8,4,8,tr_expectation,23.124019622802734
N8_S8,8,4,8,tr_sampling,33.79169845581055
N8_S8,8,4,8,tr_correct_sampling,33.6635
N8_S8,8,5,8,sv,33.15988863545449
N8_S8,8,5,8,tr_expectation,10.98823356628418
N8_S8,8,5,8,tr_sampling,33.71870040893555
N8_S8,8,5,8,tr_correct_sampling,34.6883
N8_S8,8,6,8,sv,33.26958977291213
N8_S8,8,6,8,tr_expectation,3.8544414043426514
N8_S8,8,6,8,tr_sampling,33.66699981689453
N8_S8,8,6,8,tr_correct_sampling,33.0324
N8_S8,8,7,8,sv,32.23976066980573
N8_S8,8,7,8,tr_expectation,1.1111249923706055
N8_S8,8,7,8,tr_sampling,33.02259826660156
N8_S8,8,7,8,tr_correct_sampling,31.928
N8_S8,8,8,8,sv,33.87203298952585
N8_S8,8,8,8,tr_expectation,0.389165461063385
N8_S8,8,8,8,tr_sampling,33.33839797973633
N8_S8,8,8,8,tr_correct_sampling,32.8783
N8_S8,8,9,8,sv,33.71191818879439
N8_S8,8,9,8,tr_expectation,0.13385798037052155
N8_S8,8,9,8,tr_sampling,34.43949890136719
N8_S8,8,9,8,tr_correct_sampling,34.4945
N8_S9,8,1,9,sv,40.82244451624175
N8_S9,8,1,9,tr_expectation,40.82237243652344
N8_S9,8,1,9,tr_sampling,40.5531005859375
N8_S9,8,1,9,tr_correct_sampling,40.953900000000004
N8_S9,8,2,9,sv,38.1562232892641
N8_S9,8,2,9,tr_expectation,38.15662384033203
N8_S9,8,2,9,tr_sampling,37.83559799194336
N8_S9,8,2,9,tr_correct_sampling,38.0398
N8_S9,8,3,9,sv,39.823309467262774
N8_S9,8,3,9,tr_expectation,39.656280517578125
N8_S9,8,3,9,tr_sampling,38.98429870605469
N8_S9,8,3,9,tr_correct_sampling,39.725300000000004
N8_S9,8,4,9,sv,38.05699661757022
N8_S9,8,4,9,tr_expectation,33.018165588378906
N8_S9,8,4,9,tr_sampling,37.259300231933594
N8_S9,8,4,9,tr_correct_sampling,37.8619
N8_S9,8,5,9,sv,39.41909920340693
N8_S9,8,5,9,tr_expectation,13.71240234375
N8_S9,8,5,9,tr_sampling,37.234397888183594
N8_S9,8,5,9,tr_correct_sampling,36.7126
N8_S9,8,6,9,sv,38.223077208034006
N8_S9,8,6,9,tr_expectation,4.43205451965332
N8_S9,8,6,9,tr_sampling,38.14509963989258
N8_S9,8,6,9,tr_correct_sampling,38.4895
N8_S9,8,7,9,sv,36.91179447656469
N8_S9,8,7,9,tr_expectation,1.3675167560577393
N8_S9,8,7,9,tr_sampling,37.936397552490234
N8_S9,8,7,9,tr_correct_sampling,38.226600000000005
N8_S9,8,8,9,sv,38.25718117890811
N8_S9,8,8,9,tr_expectation,0.3803918957710266
N8_S9,8,8,9,tr_sampling,38.25230026245117
N8_S9,8,8,9,tr_correct_sampling,38.8131
N8_S9,8,9,9,sv,39.13093161250559
N8_S9,8,9,9,tr_expectation,0.1444496065378189
N8_S9,8,9,9,tr_sampling,37.686100006103516
N8_S9,8,9,9,tr_correct_sampling,37.5733
N16_S0,16,1,0,sv,79.19934433941022
N16_S0,16,1,0,tr_expectation,79.19853973388672
N16_S0,16,1,0,tr_sampling,75.13269805908203
N16_S0,16,1,0,tr_correct_sampling,79.32520000000001
N16_S0,16,2,0,sv,72.2469323377681
N16_S0,16,2,0,tr_expectation,72.24726867675781
N16_S0,16,2,0,tr_sampling,72.12459564208984
N16_S0,16,2,0,tr_correct_sampling,72.04050000000001
N16_S0,16,3,0,sv,75.07940747711972
N16_S0,16,3,0,tr_expectation,75.0823745727539
N16_S0,16,3,0,tr_sampling,75.12789916992188
N16_S0,16,3,0,tr_correct_sampling,75.1906
N16_S0,16,4,0,sv,76.0027297143659
N16_S0,16,4,0,tr_expectation,58.471466064453125
N16_S0,16,4,0,tr_sampling,75.97129821777344
N16_S0,16,4,0,tr_correct_sampling,75.9088
N16_S0,16,5,0,sv,75.41571947652848
N16_S0,16,5,0,tr_expectation,23.08863639831543
N16_S0,16,5,0,tr_sampling,75.22850036621094
N16_S0,16,5,0,tr_correct_sampling,75.3126
N16_S0,16,1,0,sv,79.19934433941022
N16_S0,16,1,0,tr_expectation,79.19853973388672
N16_S0,16,1,0,tr_sampling,75.13479614257812
N16_S0,16,1,0,tr_correct_sampling,79.32520000000001
N16_S0,16,2,0,sv,72.2469323377681
N16_S0,16,2,0,tr_expectation,72.24726867675781
N16_S0,16,2,0,tr_sampling,72.07339477539062
N16_S0,16,2,0,tr_correct_sampling,72.04050000000001
N16_S0,16,3,0,sv,75.07940747711972
N16_S0,16,3,0,tr_expectation,75.0823745727539
N16_S0,16,3,0,tr_sampling,74.82599639892578
N16_S0,16,3,0,tr_correct_sampling,75.1906
N16_S0,16,4,0,sv,76.0027297143659
N16_S0,16,4,0,tr_expectation,58.471466064453125
N16_S0,16,4,0,tr_sampling,75.47930145263672
N16_S0,16,4,0,tr_correct_sampling,75.9088
N16_S0,16,5,0,sv,75.41571947652848
N16_S0,16,5,0,tr_expectation,23.08863639831543
N16_S0,16,5,0,tr_sampling,75.00599670410156
N16_S0,16,5,0,tr_correct_sampling,75.3126
N16_S0,16,1,0,sv,79.19934433941022
N16_S0,16,1,0,tr_expectation,79.19856262207031
N16_S0,16,1,0,tr_sampling,75.4209976196289
N16_S0,16,1,0,tr_correct_sampling,79.32520000000001
N16_S0,16,2,0,sv,72.2469323377681
N16_S0,16,2,0,tr_expectation,72.24671173095703
N16_S0,16,2,0,tr_sampling,72.4939956665039
N16_S0,16,2,0,tr_correct_sampling,72.04050000000001
N16_S0,16,3,0,sv,75.07940747711972
N16_S0,16,3,0,tr_expectation,74.80183410644531
N16_S0,16,3,0,tr_sampling,74.8781967163086
N16_S0,16,3,0,tr_correct_sampling,75.1329
N16_S0,16,4,0,sv,76.0027297143659
N16_S0,16,4,0,tr_expectation,58.07188034057617
N16_S0,16,4,0,tr_sampling,75.52189636230469
N16_S0,16,4,0,tr_correct_sampling,75.6644
N16_S0,16,5,0,sv,75.41571947652848
N16_S0,16,5,0,tr_expectation,24.753639221191406
N16_S0,16,5,0,tr_sampling,75.38700103759766
N16_S0,16,5,0,tr_correct_sampling,75.35000000000001
N16_S0,16,6,0,sv,75.63909884874575
N16_S0,16,6,0,tr_expectation,3.977773427963257
N16_S0,16,6,0,tr_sampling,75.75379943847656
N16_S0,16,6,0,tr_correct_sampling,75.8746
N16_S0,16,7,0,sv,75.69594826421844
N16_S0,16,7,0,tr_expectation,0.4276467263698578
N16_S0,16,7,0,tr_sampling,75.35150146484375
N16_S0,16,7,0,tr_correct_sampling,75.1125
N16_S0,16,8,0,sv,75.52971489151734
N16_S0,16,8,0,tr_expectation,0.04273450747132301
N16_S0,16,8,0,tr_sampling,74.76709747314453
N16_S0,16,8,0,tr_correct_sampling,74.8715
N16_S0,16,9,0,sv,75.56920862056045
N16_S0,16,9,0,tr_expectation,0.004328894894570112
N16_S0,16,9,0,tr_sampling,75.51750183105469
N16_S0,16,9,0,tr_correct_sampling,75.6667
N16_S1,16,1,1,sv,66.2551025537213
N16_S1,16,1,1,tr_expectation,66.25462341308594
N16_S1,16,1,1,tr_sampling,66.48829650878906
N16_S1,16,1,1,tr_correct_sampling,66.1705
N16_S1,16,2,1,sv,59.44048420441595
N16_S1,16,2,1,tr_expectation,59.44085693359375
N16_S1,16,2,1,tr_sampling,59.35329818725586
N16_S1,16,2,1,tr_correct_sampling,59.649800000000006
N16_S1,16,3,1,sv,61.322688398521656
N16_S1,16,3,1,tr_expectation,60.91843032836914
N16_S1,16,3,1,tr_sampling,61.243797302246094
N16_S1,16,3,1,tr_correct_sampling,61.295700000000004
N16_S1,16,4,1,sv,59.811971299234706
N16_S1,16,4,1,tr_expectation,49.502357482910156
N16_S1,16,4,1,tr_sampling,59.7681999206543
N16_S1,16,4,1,tr_correct_sampling,59.847100000000005
N16_S1,16,5,1,sv,59.339742862723504
N16_S1,16,5,1,tr_expectation,21.530305862426758
N16_S1,16,5,1,tr_sampling,60.13059997558594
N16_S1,16,5,1,tr_correct_sampling,60.1451
N16_S1,16,6,1,sv,59.81097837389477
N16_S1,16,6,1,tr_expectation,3.748162269592285
N16_S1,16,6,1,tr_sampling,58.950599670410156
N16_S1,16,6,1,tr_correct_sampling,59.273300000000006
N16_S1,16,7,1,sv,59.17186896429064
N16_S1,16,7,1,tr_expectation,0.30625882744789124
N16_S1,16,7,1,tr_sampling,59.145896911621094
N16_S1,16,7,1,tr_correct_sampling,59.567800000000005
N16_S1,16,8,1,sv,59.38421785415304
N16_S1,16,8,1,tr_expectation,0.029531018808484077
N16_S1,16,8,1,tr_sampling,59.36219787597656
N16_S1,16,8,1,tr_correct_sampling,59.1649
N16_S1,16,9,1,sv,59.44818596363448
N16_S1,16,9,1,tr_expectation,0.003111222991719842
N16_S1,16,9,1,tr_sampling,59.51409912109375
N16_S1,16,9,1,tr_correct_sampling,59.8975
N16_S2,16,1,2,sv,80.59635257883723
N16_S2,16,1,2,tr_expectation,80.59628295898438
N16_S2,16,1,2,tr_sampling,79.9291000366211
N16_S2,16,1,2,tr_correct_sampling,80.79570000000001
N16_S2,16,2,2,sv,66.0256812937596
N16_S2,16,2,2,tr_expectation,66.0271224975586
N16_S2,16,2,2,tr_sampling,65.13069915771484
N16_S2,16,2,2,tr_correct_sampling,66.21220000000001
N16_S2,16,3,2,sv,63.96526170599817
N16_S2,16,3,2,tr_expectation,63.96748352050781
N16_S2,16,3,2,tr_sampling,64.23259735107422
N16_S2,16,3,2,tr_correct_sampling,64.2927
N16_S2,16,4,2,sv,63.73815109805353
N16_S2,16,4,2,tr_expectation,46.08561325073242
N16_S2,16,4,2,tr_sampling,63.869998931884766
N16_S2,16,4,2,tr_correct_sampling,64.4268
N16_S2,16,5,2,sv,64.39668966929199
N16_S2,16,5,2,tr_expectation,14.260597229003906
N16_S2,16,5,2,tr_sampling,64.67369842529297
N16_S2,16,5,2,tr_correct_sampling,64.5665
N16_S2,16,6,2,sv,64.02142485464934
N16_S2,16,6,2,tr_expectation,1.9323644638061523
N16_S2,16,6,2,tr_sampling,64.04460144042969
N16_S2,16,6,2,tr_correct_sampling,63.9889
N16_S2,16,7,2,sv,63.936790763996115
N16_S2,16,7,2,tr_expectation,0.20287543535232544
N16_S2,16,7,2,tr_sampling,63.55209732055664
N16_S2,16,7,2,tr_correct_sampling,63.7804
N16_S2,16,8,2,sv,64.11107122883212
N16_S2,16,8,2,tr_expectation,0.02558908797800541
N16_S2,16,8,2,tr_sampling,64.44400024414062
N16_S2,16,8,2,tr_correct_sampling,64.5493
N16_S2,16,9,2,sv,63.94135260567025
N16_S2,16,9,2,tr_expectation,0.002643067389726639
N16_S2,16,9,2,tr_sampling,63.94949722290039
N16_S2,16,9,2,tr_correct_sampling,64.1418
N16_S3,16,1,3,sv,49.19438027636308
N16_S3,16,1,3,tr_expectation,49.19428253173828
N16_S3,16,1,3,tr_sampling,52.56919860839844
N16_S3,16,1,3,tr_correct_sampling,48.9301
N16_S3,16,2,3,sv,66.60828637218653
N16_S3,16,2,3,tr_expectation,66.6085433959961
N16_S3,16,2,3,tr_sampling,65.8030014038086
N16_S3,16,2,3,tr_correct_sampling,66.62830000000001
N16_S3,16,3,3,sv,63.686515897172534
N16_S3,16,3,3,tr_expectation,63.52332305908203
N16_S3,16,3,3,tr_sampling,63.031497955322266
N16_S3,16,3,3,tr_correct_sampling,63.5839
N16_S3,16,4,3,sv,64.5025427525789
N16_S3,16,4,3,tr_expectation,47.67880630493164
N16_S3,16,4,3,tr_sampling,64.45279693603516
N16_S3,16,4,3,tr_correct_sampling,64.48570000000001
N16_S3,16,5,3,sv,64.21862377263744
N16_S3,16,5,3,tr_expectation,13.547079086303711
N16_S3,16,5,3,tr_sampling,63.95139694213867
N16_S3,16,5,3,tr_correct_sampling,63.773900000000005
N16_S3,16,6,3,sv,64.45181161629918
N16_S3,16,6,3,tr_expectation,2.15248703956604
N16_S3,16,6,3,tr_sampling,64.45109558105469
N16_S3,16,6,3,tr_correct_sampling,64.27380000000001
N16_S3,16,7,3,sv,64.54253490294067
N16_S3,16,7,3,tr_expectation,0.18822626769542694
N16_S3,16,7,3,tr_sampling,64.92959594726562
N16_S3,16,7,3,tr_correct_sampling,64.7201
N16_S3,16,8,3,sv,64.63052863297511
N16_S3,16,8,3,tr_expectation,0.020525868982076645
N16_S3,16,8,3,tr_sampling,64.15859985351562
N16_S3,16,8,3,tr_correct_sampling,64.2519
N16_S3,16,9,3,sv,64.48843654016265
N16_S3,16,9,3,tr_expectation,0.002419821685180068
N16_S3,16,9,3,tr_sampling,64.47919464111328
N16_S3,16,9,3,tr_correct_sampling,64.77170000000001
N16_S4,16,1,4,sv,68.26017463988795
N16_S4,16,1,4,tr_expectation,68.25938415527344
N16_S4,16,1,4,tr_sampling,66.92769622802734
N16_S4,16,1,4,tr_correct_sampling,68.2799
N16_S4,16,2,4,sv,73.03852778045481
N16_S4,16,2,4,tr_expectation,73.03823852539062
N16_S4,16,2,4,tr_sampling,72.70099639892578
N16_S4,16,2,4,tr_correct_sampling,72.8186
N16_S4,16,3,4,sv,71.91795621193747
N16_S4,16,3,4,tr_expectation,71.92125701904297
N16_S4,16,3,4,tr_sampling,71.76719665527344
N16_S4,16,3,4,tr_correct_sampling,71.8104
N16_S4,16,4,4,sv,72.50397406767019
N16_S4,16,4,4,tr_expectation,51.52621078491211
N16_S4,16,4,4,tr_sampling,73.10199737548828
N16_S4,16,4,4,tr_correct_sampling,72.9696
N16_S4,16,5,4,sv,72.15153601973728
N16_S4,16,5,4,tr_expectation,17.170703887939453
N16_S4,16,5,4,tr_sampling,71.88499450683594
N16_S4,16,5,4,tr_correct_sampling,71.28410000000001
N16_S4,16,6,4,sv,72.03037130878039
N16_S4,16,6,4,tr_expectation,2.771043062210083
N16_S4,16,6,4,tr_sampling,72.33419799804688
N16_S4,16,6,4,tr_correct_sampling,71.9453
N16_S4,16,7,4,sv,71.62857096827285
N16_S4,16,7,4,tr_expectation,0.32144078612327576
N16_S4,16,7,4,tr_sampling,71.65519714355469
N16_S4,16,7,4,tr_correct_sampling,71.64920000000001
N16_S4,16,8,4,sv,72.13984648396143
N16_S4,16,8,4,tr_expectation,0.0359787791967392
N16_S4,16,8,4,tr_sampling,71.40729522705078
N16_S4,16,8,4,tr_correct_sampling,71.6234
N16_S4,16,9,4,sv,72.00195978910943
N16_S4,16,9,4,tr_expectation,0.003711031749844551
N16_S4,16,9,4,tr_sampling,70.66310119628906
N16_S4,16,9,4,tr_correct_sampling,70.7001
N16_S5,16,1,5,sv,59.83526796935704
N16_S5,16,1,5,tr_expectation,59.8354377746582
N16_S5,16,1,5,tr_sampling,60.16699981689453
N16_S5,16,1,5,tr_correct_sampling,59.74
N16_S5,16,2,5,sv,63.01744640016114
N16_S5,16,2,5,tr_expectation,63.01901626586914
N16_S5,16,2,5,tr_sampling,62.463497161865234
N16_S5,16,2,5,tr_correct_sampling,63.1891
N16_S5,16,3,5,sv,60.79624747260977
N16_S5,16,3,5,tr_expectation,60.79212188720703
N16_S5,16,3,5,tr_sampling,62.057098388671875
N16_S5,16,3,5,tr_correct_sampling,60.8661
N16_S5,16,4,5,sv,61.31079916656772
N16_S5,16,4,5,tr_expectation,38.681880950927734
N16_S5,16,4,5,tr_sampling,61.60969924926758
N16_S5,16,4,5,tr_correct_sampling,61.895
N16_S5,16,5,5,sv,61.17691763777128
N16_S5,16,5,5,tr_expectation,11.229978561401367
N16_S5,16,5,5,tr_sampling,61.36470031738281
N16_S5,16,5,5,tr_correct_sampling,61.7813
N16_S5,16,6,5,sv,61.46546900861948
N16_S5,16,6,5,tr_expectation,1.7871595621109009
N16_S5,16,6,5,tr_sampling,61.21369934082031
N16_S5,16,6,5,tr_correct_sampling,61.4495
N16_S5,16,7,5,sv,61.438041695861216
N16_S5,16,7,5,tr_expectation,0.19762256741523743
N16_S5,16,7,5,tr_sampling,61.811100006103516
N16_S5,16,7,5,tr_correct_sampling,61.8569
N16_S5,16,8,5,sv,61.40216205935554
N16_S5,16,8,5,tr_expectation,0.017440663650631905
N16_S5,16,8,5,tr_sampling,61.40869903564453
N16_S5,16,8,5,tr_correct_sampling,61.8391
N16_S5,16,9,5,sv,61.59315882234554
N16_S5,16,9,5,tr_expectation,0.0016690556658431888
N16_S5,16,9,5,tr_sampling,61.038700103759766
N16_S5,16,9,5,tr_correct_sampling,60.645700000000005
N16_S6,16,1,6,sv,74.38368433377866
N16_S6,16,1,6,tr_expectation,74.38380432128906
N16_S6,16,1,6,tr_sampling,74.6531982421875
N16_S6,16,1,6,tr_correct_sampling,74.3349
N16_S6,16,2,6,sv,69.02592523021772
N16_S6,16,2,6,tr_expectation,69.02757263183594
N16_S6,16,2,6,tr_sampling,69.0531005859375
N16_S6,16,2,6,tr_correct_sampling,68.9037
N16_S6,16,3,6,sv,67.87069205474981
N16_S6,16,3,6,tr_expectation,67.87488555908203
N16_S6,16,3,6,tr_sampling,67.81809997558594
N16_S6,16,3,6,tr_correct_sampling,67.7904
N16_S6,16,4,6,sv,67.47435501674188
N16_S6,16,4,6,tr_expectation,54.00240707397461
N16_S6,16,4,6,tr_sampling,67.3345947265625
N16_S6,16,4,6,tr_correct_sampling,67.4038
N16_S6,16,5,6,sv,67.54497488176509
N16_S6,16,5,6,tr_expectation,20.44144058227539
N16_S6,16,5,6,tr_sampling,67.0791015625
N16_S6,16,5,6,tr_correct_sampling,66.8422
N16_S6,16,6,6,sv,68.26113364771014
N16_S6,16,6,6,tr_expectation,3.56320858001709
N16_S6,16,6,6,tr_sampling,68.36360168457031
N16_S6,16,6,6,tr_correct_sampling,68.105
N16_S6,16,7,6,sv,68.05459480140856
N16_S6,16,7,6,tr_expectation,0.3716523051261902
N16_S6,16,7,6,tr_sampling,67.41629791259766
N16_S6,16,7,6,tr_correct_sampling,67.4418
N16_S6,16,8,6,sv,67.9067753020374
N16_S6,16,8,6,tr_expectation,0.033507056534290314
N16_S6,16,8,6,tr_sampling,67.64019775390625
N16_S6,16,8,6,tr_correct_sampling,67.3473
N16_S6,16,9,6,sv,67.9691158484081
N16_S6,16,9,6,tr_expectation,0.0030977092683315277
N16_S6,16,9,6,tr_sampling,68.15460205078125
N16_S6,16,9,6,tr_correct_sampling,68.0357
N16_S7,16,1,7,sv,75.49883948018599
N16_S7,16,1,7,tr_expectation,75.49819946289062
N16_S7,16,1,7,tr_sampling,75.36629486083984
N16_S7,16,1,7,tr_correct_sampling,75.3883
N16_S7,16,2,7,sv,77.0625166578834
N16_S7,16,2,7,tr_expectation,77.06257629394531
N16_S7,16,2,7,tr_sampling,76.52949523925781
N16_S7,16,2,7,tr_correct_sampling,77.0848
N16_S7,16,3,7,sv,73.02574905788461
N16_S7,16,3,7,tr_expectation,73.0282974243164
N16_S7,16,3,7,tr_sampling,72.63619995117188
N16_S7,16,3,7,tr_correct_sampling,73.03920000000001
N16_S7,16,4,7,sv,74.18510985353927
N16_S7,16,4,7,tr_expectation,52.745906829833984
N16_S7,16,4,7,tr_sampling,74.27359771728516
N16_S7,16,4,7,tr_correct_sampling,74.5411
N16_S7,16,5,7,sv,72.04505707498456
N16_S7,16,5,7,tr_expectation,21.148651123046875
N16_S7,16,5,7,tr_sampling,72.26100158691406
N16_S7,16,5,7,tr_correct_sampling,72.0198
N16_S7,16,6,7,sv,73.32717784418855
N16_S7,16,6,7,tr_expectation,4.046379566192627
N16_S7,16,6,7,tr_sampling,72.55439758300781
N16_S7,16,6,7,tr_correct_sampling,72.5864
N16_S7,16,7,7,sv,72.34955813389098
N16_S7,16,7,7,tr_expectation,0.520179033279419
N16_S7,16,7,7,tr_sampling,73.70919799804688
N16_S7,16,7,7,tr_correct_sampling,73.6289
N16_S7,16,8,7,sv,72.26231397547173
N16_S7,16,8,7,tr_expectation,0.06211264804005623
N16_S7,16,8,7,tr_sampling,71.9448013305664
N16_S7,16,8,7,tr_correct_sampling,71.8788
N16_S7,16,9,7,sv,72.66838366338288
N16_S7,16,9,7,tr_expectation,0.007200384978204966
N16_S7,16,9,7,tr_sampling,73.18989562988281
N16_S7,16,9,7,tr_correct_sampling,73.3366
N16_S8,16,1,8,sv,58.28616273641916
N16_S8,16,1,8,tr_expectation,58.28606414794922
N16_S8,16,1,8,tr_sampling,58.416297912597656
N16_S8,16,1,8,tr_correct_sampling,58.1148
N16_S8,16,2,8,sv,57.49367881044402
N16_S8,16,2,8,tr_expectation,57.493309020996094
N16_S8,16,2,8,tr_sampling,57.9308967590332
N16_S8,16,2,8,tr_correct_sampling,57.4711
N16_S8,16,3,8,sv,56.8564392037541
N16_S8,16,3,8,tr_expectation,56.54117965698242
N16_S8,16,3,8,tr_sampling,56.654598236083984
N16_S8,16,3,8,tr_correct_sampling,56.994800000000005
N16_S8,16,4,8,sv,57.427648371181114
N16_S8,16,4,8,tr_expectation,38.37007141113281
N16_S8,16,4,8,tr_sampling,57.29800033569336
N16_S8,16,4,8,tr_correct_sampling,57.935900000000004
N16_S8,16,5,8,sv,56.98610755026839
N16_S8,16,5,8,tr_expectation,8.259747505187988
N16_S8,16,5,8,tr_sampling,56.98139953613281
N16_S8,16,5,8,tr_correct_sampling,57.2622
N16_S8,16,6,8,sv,57.23553777690983
N16_S8,16,6,8,tr_expectation,0.9472703337669373
N16_S8,16,6,8,tr_sampling,56.43939971923828
N16_S8,16,6,8,tr_correct_sampling,56.6373
N16_S8,16,7,8,sv,57.02081899363632
N16_S8,16,7,8,tr_expectation,0.09506255388259888
N16_S8,16,7,8,tr_sampling,56.75959777832031
N16_S8,16,7,8,tr_correct_sampling,56.780100000000004
N16_S8,16,8,8,sv,57.07066501811767
N16_S8,16,8,8,tr_expectation,0.009454910643398762
N16_S8,16,8,8,tr_sampling,56.911197662353516
N16_S8,16,8,8,tr_correct_sampling,57.1261
N16_S8,16,9,8,sv,56.96378802637611
N16_S8,16,9,8,tr_expectation,0.0008454532944597304
N16_S8,16,9,8,tr_sampling,56.833900451660156
N16_S8,16,9,8,tr_correct_sampling,57.1152
N16_S9,16,1,9,sv,77.78130792689704
N16_S9,16,1,9,tr_expectation,77.78108215332031
N16_S9,16,1,9,tr_sampling,75.8511962890625
N16_S9,16,1,9,tr_correct_sampling,77.77900000000001
N16_S9,16,2,9,sv,74.54762486089268
N16_S9,16,2,9,tr_expectation,74.54840087890625
N16_S9,16,2,9,tr_sampling,74.45700073242188
N16_S9,16,2,9,tr_correct_sampling,74.51910000000001
N16_S9,16,3,9,sv,72.01009048206203
N16_S9,16,3,9,tr_expectation,72.01355743408203
N16_S9,16,3,9,tr_sampling,72.14329528808594
N16_S9,16,3,9,tr_correct_sampling,72.1951
N16_S9,16,4,9,sv,73.6647783908648
N16_S9,16,4,9,tr_expectation,50.84102249145508
N16_S9,16,4,9,tr_sampling,73.40499877929688
N16_S9,16,4,9,tr_correct_sampling,73.47890000000001
N16_S9,16,5,9,sv,73.29537827728663
N16_S9,16,5,9,tr_expectation,12.819427490234375
N16_S9,16,5,9,tr_sampling,73.69979858398438
N16_S9,16,5,9,tr_correct_sampling,73.5937
N16_S9,16,6,9,sv,73.74748201784556
N16_S9,16,6,9,tr_expectation,1.5034221410751343
N16_S9,16,6,9,tr_sampling,73.2510986328125
N16_S9,16,6,9,tr_correct_sampling,73.6267
N16_S9,16,7,9,sv,73.51797176811107
N16_S9,16,7,9,tr_expectation,0.13959728181362152
N16_S9,16,7,9,tr_sampling,73.60340118408203
N16_S9,16,7,9,tr_correct_sampling,73.8593
N16_S9,16,8,9,sv,73.2648649416453
N16_S9,16,8,9,tr_expectation,0.015212449245154858
N16_S9,16,8,9,tr_sampling,73.76329803466797
N16_S9,16,8,9,tr_correct_sampling,73.74090000000001
N16_S9,16,9,9,sv,73.4938597908681
N16_S9,16,9,9,tr_expectation,0.0016701227286830544
N16_S9,16,9,9,tr_sampling,73.78810119628906
N16_S9,16,9,9,tr_correct_sampling,73.6773
N24_S0,24,1,0,sv,102.28306052780346
N24_S0,24,1,0,tr_expectation,102.28244018554688
N24_S0,24,1,0,tr_sampling,102.20479583740234
N24_S0,24,1,0,tr_correct_sampling,102.19080000000001
N24_S0,24,2,0,sv,117.10074453561923
N24_S0,24,2,0,tr_expectation,117.10245513916016
N24_S0,24,2,0,tr_sampling,117.38189697265625
N24_S0,24,2,0,tr_correct_sampling,116.79140000000001
N24_S0,24,3,0,sv,113.88868641458345
N24_S0,24,3,0,tr_expectation,113.85585021972656
N24_S0,24,3,0,tr_sampling,113.89109802246094
N24_S0,24,3,0,tr_correct_sampling,113.5613
N24_S0,24,4,0,sv,113.96957516925258
N24_S0,24,4,0,tr_expectation,64.06835174560547
N24_S0,24,4,0,tr_sampling,114.04190063476562
N24_S0,24,4,0,tr_correct_sampling,113.86210000000001
N24_S0,24,5,0,sv,113.10478771856198
N24_S0,24,5,0,tr_expectation,14.329218864440918
N24_S0,24,5,0,tr_sampling,113.38849639892578
N24_S0,24,5,0,tr_correct_sampling,113.18730000000001
N24_S0,24,6,0,sv,113.6483484682002
N24_S0,24,6,0,tr_expectation,0.9552557468414307
N24_S0,24,6,0,tr_sampling,113.33589935302734
N24_S0,24,6,0,tr_correct_sampling,113.224
N24_S0,24,7,0,sv,113.43112248004932
N24_S0,24,7,0,tr_expectation,0.039167143404483795
N24_S0,24,7,0,tr_sampling,112.31719970703125
N24_S0,24,7,0,tr_correct_sampling,112.10690000000001
N24_S0,24,8,0,sv,113.48932460696676
N24_S0,24,8,0,tr_expectation,0.001224178122356534
N24_S0,24,8,0,tr_sampling,113.68840026855469
N24_S0,24,8,0,tr_correct_sampling,113.4471
N24_S0,24,9,0,sv,113.50992680046973
N24_S0,24,9,0,tr_expectation,3.2715855923015624e-05
N24_S0,24,9,0,tr_sampling,113.42749786376953
N24_S0,24,9,0,tr_correct_sampling,113.30460000000001
N24_S1,24,1,1,sv,85.08593780316082
N24_S1,24,1,1,tr_expectation,85.08601379394531
N24_S1,24,1,1,tr_sampling,85.23249816894531
N24_S1,24,1,1,tr_correct_sampling,85.1284
N24_S1,24,2,1,sv,84.27426677789772
N24_S1,24,2,1,tr_expectation,84.27467346191406
N24_S1,24,2,1,tr_sampling,84.30729675292969
N24_S1,24,2,1,tr_correct_sampling,84.0787
N24_S1,24,3,1,sv,83.90690358203695
N24_S1,24,3,1,tr_expectation,83.86160278320312
N24_S1,24,3,1,tr_sampling,83.86019897460938
N24_S1,24,3,1,tr_correct_sampling,83.6913
N24_S1,24,4,1,sv,83.14049226789199
N24_S1,24,4,1,tr_expectation,50.08030700683594
N24_S1,24,4,1,tr_sampling,83.1895980834961
N24_S1,24,4,1,tr_correct_sampling,83.2833
N24_S1,24,5,1,sv,82.49910409592523
N24_S1,24,5,1,tr_expectation,11.460782051086426
N24_S1,24,5,1,tr_sampling,82.95040130615234
N24_S1,24,5,1,tr_correct_sampling,83.0875
N24_S1,24,6,1,sv,82.39324997346309
N24_S1,24,6,1,tr_expectation,0.8642531633377075
N24_S1,24,6,1,tr_sampling,82.60049438476562
N24_S1,24,6,1,tr_correct_sampling,82.50750000000001
N24_S1,24,7,1,sv,82.49206326302263
N24_S1,24,7,1,tr_expectation,0.02826686203479767
N24_S1,24,7,1,tr_sampling,83.23880004882812
N24_S1,24,7,1,tr_correct_sampling,83.3548
N24_S1,24,8,1,sv,82.5210110040604
N24_S1,24,8,1,tr_expectation,0.000749369035474956
N24_S1,24,8,1,tr_sampling,82.55500030517578
N24_S1,24,8,1,tr_correct_sampling,82.6185
N24_S1,24,9,1,sv,82.44120190645728
N24_S1,24,9,1,tr_expectation,2.0292471162974834e-05
N24_S1,24,9,1,tr_sampling,81.62909698486328
N24_S1,24,9,1,tr_correct_sampling,81.80940000000001
N24_S2,24,1,2,sv,106.97914578947244
N24_S2,24,1,2,tr_expectation,106.97918701171875
N24_S2,24,1,2,tr_sampling,107.24189758300781
N24_S2,24,1,2,tr_correct_sampling,106.7638
N24_S2,24,2,2,sv,109.76733514873031
N24_S2,24,2,2,tr_expectation,109.76887512207031
N24_S2,24,2,2,tr_sampling,110.09369659423828
N24_S2,24,2,2,tr_correct_sampling,109.4576
N24_S2,24,3,2,sv,109.96406769973667
N24_S2,24,3,2,tr_expectation,109.39691162109375
N24_S2,24,3,2,tr_sampling,109.76189422607422
N24_S2,24,3,2,tr_correct_sampling,109.79270000000001
N24_S2,24,4,2,sv,109.1862620363068
N24_S2,24,4,2,tr_expectation,61.42625427246094
N24_S2,24,4,2,tr_sampling,109.15599822998047
N24_S2,24,4,2,tr_correct_sampling,109.02850000000001
N24_S2,24,5,2,sv,110.17696589312892
N24_S2,24,5,2,tr_expectation,13.27148151397705
N24_S2,24,5,2,tr_sampling,109.94659423828125
N24_S2,24,5,2,tr_correct_sampling,109.63260000000001
N24_S2,24,6,2,sv,110.67422196071136
N24_S2,24,6,2,tr_expectation,0.7259840965270996
N24_S2,24,6,2,tr_sampling,110.10260009765625
N24_S2,24,6,2,tr_correct_sampling,110.01790000000001
N24_S2,24,7,2,sv,110.72834762403102
N24_S2,24,7,2,tr_expectation,0.025313543155789375
N24_S2,24,7,2,tr_sampling,109.77749633789062
N24_S2,24,7,2,tr_correct_sampling,109.7822
N24_S2,24,8,2,sv,110.38894323911207
N24_S2,24,8,2,tr_expectation,0.0008585285977460444
N24_S2,24,8,2,tr_sampling,109.60089874267578
N24_S2,24,8,2,tr_correct_sampling,109.5276
N24_S2,24,9,2,sv,110.38598837342435
N24_S2,24,9,2,tr_expectation,2.4367669539060444e-05
N24_S2,24,9,2,tr_sampling,110.69490051269531
N24_S2,24,9,2,tr_correct_sampling,110.6273
N24_S3,24,1,3,sv,117.00257126382189
N24_S3,24,1,3,tr_expectation,117.0009994506836
N24_S3,24,1,3,tr_sampling,116.88809967041016
N24_S3,24,1,3,tr_correct_sampling,117.048
N24_S3,24,2,3,sv,107.1673914319157
N24_S3,24,2,3,tr_expectation,107.16681671142578
N24_S3,24,2,3,tr_sampling,106.82849884033203
N24_S3,24,2,3,tr_correct_sampling,106.9505
N24_S3,24,3,3,sv,108.0831868266356
N24_S3,24,3,3,tr_expectation,108.05140686035156
N24_S3,24,3,3,tr_sampling,107.95669555664062
N24_S3,24,3,3,tr_correct_sampling,107.8807
N24_S3,24,4,3,sv,106.60578030077065
N24_S3,24,4,3,tr_expectation,64.87287139892578
N24_S3,24,4,3,tr_sampling,106.4751968383789
N24_S3,24,4,3,tr_correct_sampling,106.3323
N24_S3,24,5,3,sv,106.37777425834155
N24_S3,24,5,3,tr_expectation,13.839455604553223
N24_S3,24,5,3,tr_sampling,105.52890014648438
N24_S3,24,5,3,tr_correct_sampling,105.5317
N24_S3,24,6,3,sv,107.03419084785692
N24_S3,24,6,3,tr_expectation,0.9692685008049011
N24_S3,24,6,3,tr_sampling,108.02249908447266
N24_S3,24,6,3,tr_correct_sampling,107.9534
N24_S3,24,7,3,sv,107.1789278013534
N24_S3,24,7,3,tr_expectation,0.03233228251338005
N24_S3,24,7,3,tr_sampling,108.45909881591797
N24_S3,24,7,3,tr_correct_sampling,108.2461
N24_S3,24,8,3,sv,106.98464319206597
N24_S3,24,8,3,tr_expectation,0.0010279262205585837
N24_S3,24,8,3,tr_sampling,107.12049865722656
N24_S3,24,8,3,tr_correct_sampling,107.14070000000001
N24_S3,24,9,3,sv,106.9445979893237
N24_S3,24,9,3,tr_expectation,3.694253973662853e-05
N24_S3,24,9,3,tr_sampling,106.67109680175781
N24_S3,24,9,3,tr_correct_sampling,106.29100000000001
N24_S4,24,1,4,sv,93.32409472744023
N24_S4,24,1,4,tr_expectation,93.32392883300781
N24_S4,24,1,4,tr_sampling,89.55439758300781
N24_S4,24,1,4,tr_correct_sampling,93.5685
N24_S4,24,2,4,sv,99.75258941852265
N24_S4,24,2,4,tr_expectation,99.75294494628906
N24_S4,24,2,4,tr_sampling,99.66459655761719
N24_S4,24,2,4,tr_correct_sampling,99.9525
N24_S4,24,3,4,sv,97.43440059290356
N24_S4,24,3,4,tr_expectation,97.43162536621094
N24_S4,24,3,4,tr_sampling,97.42499542236328
N24_S4,24,3,4,tr_correct_sampling,97.705
N24_S4,24,4,4,sv,100.21817839923717
N24_S4,24,4,4,tr_expectation,63.007442474365234
N24_S4,24,4,4,tr_sampling,100.34410095214844
N24_S4,24,4,4,tr_correct_sampling,100.2883
N24_S4,24,5,4,sv,100.38868443187773
N24_S4,24,5,4,tr_expectation,13.133684158325195
N24_S4,24,5,4,tr_sampling,100.22339630126953
N24_S4,24,5,4,tr_correct_sampling,100.5113
N24_S4,24,6,4,sv,100.13410499450747
N24_S4,24,6,4,tr_expectation,0.7016846537590027
N24_S4,24,6,4,tr_sampling,100.71769714355469
N24_S4,24,6,4,tr_correct_sampling,100.8724
N24_S4,24,7,4,sv,99.84645489966255
N24_S4,24,7,4,tr_expectation,0.024877876043319702
N24_S4,24,7,4,tr_sampling,99.30179595947266
N24_S4,24,7,4,tr_correct_sampling,98.79140000000001
N24_S4,24,8,4,sv,99.9909284830531
N24_S4,24,8,4,tr_expectation,0.0010889646364375949
N24_S4,24,8,4,tr_sampling,99.84769439697266
N24_S4,24,8,4,tr_correct_sampling,99.57910000000001
N24_S4,24,9,4,sv,99.98672319350516
N24_S4,24,9,4,tr_expectation,3.222244049538858e-05
N24_S4,24,9,4,tr_sampling,100.3595962524414
N24_S4,24,9,4,tr_correct_sampling,99.85820000000001
N24_S5,24,1,5,sv,89.93142245009598
N24_S5,24,1,5,tr_expectation,89.93107604980469
N24_S5,24,1,5,tr_sampling,89.88790130615234
N24_S5,24,1,5,tr_correct_sampling,89.86290000000001
N24_S5,24,2,5,sv,94.11783414189198
N24_S5,24,2,5,tr_expectation,94.1177749633789
N24_S5,24,2,5,tr_sampling,93.27040100097656
N24_S5,24,2,5,tr_correct_sampling,94.19850000000001
N24_S5,24,3,5,sv,94.54620564692573
N24_S5,24,3,5,tr_expectation,94.53369140625
N24_S5,24,3,5,tr_sampling,94.6259994506836
N24_S5,24,3,5,tr_correct_sampling,94.6847
N24_S5,24,4,5,sv,92.97253381630631
N24_S5,24,4,5,tr_expectation,55.13753128051758
N24_S5,24,4,5,tr_sampling,93.29439544677734
N24_S5,24,4,5,tr_correct_sampling,93.34270000000001
N24_S5,24,5,5,sv,92.65155042830851
N24_S5,24,5,5,tr_expectation,12.078242301940918
N24_S5,24,5,5,tr_sampling,93.52959442138672
N24_S5,24,5,5,tr_correct_sampling,93.7603
N24_S5,24,6,5,sv,93.61225665645155
N24_S5,24,6,5,tr_expectation,0.799308717250824
N24_S5,24,6,5,tr_sampling,93.61239624023438
N24_S5,24,6,5,tr_correct_sampling,93.9876
N24_S5,24,7,5,sv,93.62764859654652
N24_S5,24,7,5,tr_expectation,0.02402753196656704
N24_S5,24,7,5,tr_sampling,93.80069732666016
N24_S5,24,7,5,tr_correct_sampling,93.8506
N24_S5,24,8,5,sv,93.69874610088976
N24_S5,24,8,5,tr_expectation,0.0007619811804033816
N24_S5,24,8,5,tr_sampling,93.4719009399414
N24_S5,24,8,5,tr_correct_sampling,93.7022
N24_S5,24,9,5,sv,93.56521262198419
N24_S5,24,9,5,tr_expectation,2.1446037862915546e-05
N24_S5,24,9,5,tr_sampling,93.12079620361328
N24_S5,24,9,5,tr_correct_sampling,93.2098
N24_S6,24,1,6,sv,86.44634376682424
N24_S6,24,1,6,tr_expectation,86.44678497314453
N24_S6,24,1,6,tr_sampling,86.62899780273438
N24_S6,24,1,6,tr_correct_sampling,86.6699
N24_S6,24,2,6,sv,85.9158329420637
N24_S6,24,2,6,tr_expectation,85.91801452636719
N24_S6,24,2,6,tr_sampling,88.21640014648438
N24_S6,24,2,6,tr_correct_sampling,85.96050000000001
N24_S6,24,3,6,sv,89.09055600086931
N24_S6,24,3,6,tr_expectation,89.09811401367188
N24_S6,24,3,6,tr_sampling,88.8523941040039
N24_S6,24,3,6,tr_correct_sampling,89.0639
N24_S6,24,4,6,sv,88.34689726457793
N24_S6,24,4,6,tr_expectation,73.44933319091797
N24_S6,24,4,6,tr_sampling,88.35409545898438
N24_S6,24,4,6,tr_correct_sampling,88.271
N24_S6,24,5,6,sv,88.7499710579593
N24_S6,24,5,6,tr_expectation,18.067466735839844
N24_S6,24,5,6,tr_sampling,88.20169830322266
N24_S6,24,5,6,tr_correct_sampling,88.5428
N24_S6,24,6,6,sv,88.29905740655941
N24_S6,24,6,6,tr_expectation,1.059777021408081
N24_S6,24,6,6,tr_sampling,88.30699920654297
N24_S6,24,6,6,tr_correct_sampling,87.98780000000001
N24_S6,24,7,6,sv,88.52931863187413
N24_S6,24,7,6,tr_expectation,0.024417130276560783
N24_S6,24,7,6,tr_sampling,88.75569915771484
N24_S6,24,7,6,tr_correct_sampling,88.6138
N24_S6,24,8,6,sv,88.46164426044983
N24_S6,24,8,6,tr_expectation,0.0005914124776609242
N24_S6,24,8,6,tr_sampling,87.59369659423828
N24_S6,24,8,6,tr_correct_sampling,88.08120000000001
N24_S6,24,9,6,sv,88.53559979758927
N24_S6,24,9,6,tr_expectation,1.4146902685752138e-05
N24_S6,24,9,6,tr_sampling,87.64149475097656
N24_S6,24,9,6,tr_correct_sampling,87.0758
N24_S7,24,1,7,sv,91.25731124158608
N24_S7,24,1,7,tr_expectation,91.25653839111328
N24_S7,24,1,7,tr_sampling,90.9209976196289
N24_S7,24,1,7,tr_correct_sampling,91.3587
N24_S7,24,2,7,sv,87.75331916293933
N24_S7,24,2,7,tr_expectation,87.75379180908203
N24_S7,24,2,7,tr_sampling,87.4031982421875
N24_S7,24,2,7,tr_correct_sampling,87.9494
N24_S7,24,3,7,sv,90.57011515505576
N24_S7,24,3,7,tr_expectation,90.41270446777344
N24_S7,24,3,7,tr_sampling,90.4688949584961
N24_S7,24,3,7,tr_correct_sampling,90.65870000000001
N24_S7,24,4,7,sv,91.39999768925145
N24_S7,24,4,7,tr_expectation,67.07948303222656
N24_S7,24,4,7,tr_sampling,91.3604965209961
N24_S7,24,4,7,tr_correct_sampling,91.1164
N24_S7,24,5,7,sv,91.51630150257128
N24_S7,24,5,7,tr_expectation,24.174692153930664
N24_S7,24,5,7,tr_sampling,91.33799743652344
N24_S7,24,5,7,tr_correct_sampling,91.2347
N24_S7,24,6,7,sv,90.45171990855661
N24_S7,24,6,7,tr_expectation,2.2930870056152344
N24_S7,24,6,7,tr_sampling,90.31409454345703
N24_S7,24,6,7,tr_correct_sampling,90.63550000000001
N24_S7,24,7,7,sv,90.91191256120156
N24_S7,24,7,7,tr_expectation,0.09219925850629807
N24_S7,24,7,7,tr_sampling,90.69200134277344
N24_S7,24,7,7,tr_correct_sampling,90.7264
N24_S7,24,8,7,sv,90.95335673350736
N24_S7,24,8,7,tr_expectation,0.0029991120100021362
N24_S7,24,8,7,tr_sampling,91.22850036621094
N24_S7,24,8,7,tr_correct_sampling,91.3679
N24_S7,24,9,7,sv,90.93084225781791
N24_S7,24,9,7,tr_expectation,0.0001055485408869572
N24_S7,24,9,7,tr_sampling,90.71440124511719
N24_S7,24,9,7,tr_correct_sampling,90.6991
N24_S8,24,1,8,sv,100.65257045322399
N24_S8,24,1,8,tr_expectation,100.65216827392578
N24_S8,24,1,8,tr_sampling,97.11149597167969
N24_S8,24,1,8,tr_correct_sampling,100.7151
N24_S8,24,2,8,sv,103.44807871518051
N24_S8,24,2,8,tr_expectation,103.44849395751953
N24_S8,24,2,8,tr_sampling,103.43560028076172
N24_S8,24,2,8,tr_correct_sampling,103.2583
N24_S8,24,3,8,sv,100.81568399570249
N24_S8,24,3,8,tr_expectation,100.17957305908203
N24_S8,24,3,8,tr_sampling,100.9010009765625
N24_S8,24,3,8,tr_correct_sampling,101.1104
N24_S8,24,4,8,sv,97.49300927007408
N24_S8,24,4,8,tr_expectation,40.90793991088867
N24_S8,24,4,8,tr_sampling,97.54129791259766
N24_S8,24,4,8,tr_correct_sampling,97.43270000000001
N24_S8,24,5,8,sv,100.44288885839465
N24_S8,24,5,8,tr_expectation,6.33003044128418
N24_S8,24,5,8,tr_sampling,100.83670043945312
N24_S8,24,5,8,tr_correct_sampling,100.9662
N24_S8,24,6,8,sv,100.67262075690637
N24_S8,24,6,8,tr_expectation,0.43002748489379883
N24_S8,24,6,8,tr_sampling,100.55569458007812
N24_S8,24,6,8,tr_correct_sampling,100.3584
N24_S8,24,7,8,sv,100.46362975516926
N24_S8,24,7,8,tr_expectation,0.02116885967552662
N24_S8,24,7,8,tr_sampling,101.4365005493164
N24_S8,24,7,8,tr_correct_sampling,102.0549
N24_S8,24,8,8,sv,100.58499874342866
N24_S8,24,8,8,tr_expectation,0.0007709508063271642
N24_S8,24,8,8,tr_sampling,100.56409454345703
N24_S8,24,8,8,tr_correct_sampling,100.427
N24_S8,24,9,8,sv,100.50929297161275
N24_S8,24,9,8,tr_expectation,3.3470041671535e-05
N24_S8,24,9,8,tr_sampling,101.24520111083984
N24_S8,24,9,8,tr_correct_sampling,101.652
N24_S9,24,1,9,sv,95.27301660079894
N24_S9,24,1,9,tr_expectation,95.27201843261719
N24_S9,24,1,9,tr_sampling,93.84639739990234
N24_S9,24,1,9,tr_correct_sampling,94.9745
N24_S9,24,2,9,sv,97.12899205857046
N24_S9,24,2,9,tr_expectation,97.1275863647461
N24_S9,24,2,9,tr_sampling,97.1270980834961
N24_S9,24,2,9,tr_correct_sampling,97.0248
N24_S9,24,3,9,sv,99.45518797641977
N24_S9,24,3,9,tr_expectation,99.37783813476562
N24_S9,24,3,9,tr_sampling,99.51929473876953
N24_S9,24,3,9,tr_correct_sampling,99.67450000000001
N24_S9,24,4,9,sv,98.31815050650782
N24_S9,24,4,9,tr_expectation,63.62752151489258
N24_S9,24,4,9,tr_sampling,98.7001953125
N24_S9,24,4,9,tr_correct_sampling,98.7072
N24_S9,24,5,9,sv,97.97912679173763
N24_S9,24,5,9,tr_expectation,13.827603340148926
N24_S9,24,5,9,tr_sampling,97.88949584960938
N24_S9,24,5,9,tr_correct_sampling,97.70100000000001
N24_S9,24,6,9,sv,98.08857191343242
N24_S9,24,6,9,tr_expectation,0.9341822266578674
N24_S9,24,6,9,tr_sampling,98.1615982055664
N24_S9,24,6,9,tr_correct_sampling,98.1177
N24_S9,24,7,9,sv,97.89480852661802
N24_S9,24,7,9,tr_expectation,0.03664395958185196
N24_S9,24,7,9,tr_sampling,96.89910125732422
N24_S9,24,7,9,tr_correct_sampling,97.05290000000001
N24_S9,24,8,9,sv,97.98452293531146
N24_S9,24,8,9,tr_expectation,0.0011329989647492766
N24_S9,24,8,9,tr_sampling,98.19849395751953
N24_S9,24,8,9,tr_correct_sampling,98.6768
N24_S9,24,9,9,sv,97.96757283660249
N24_S9,24,9,9,tr_expectation,3.724561247508973e-05
N24_S9,24,9,9,tr_sampling,97.86389923095703
N24_S9,24,9,9,tr_correct_sampling,97.6584
